"","well","include","strain","isolate","description","strain.isolate","time.min","GFP","OD","other","other.bg","GFP.bg","OD.bg","well.OD.offset","well.GFP.offset","well.other.offset","logOD","specific.growth.rate","specific.growth.rate.adj.r.squared","fit.OD","GFP.rate","GFP.rate.adj.r.squared","other.rate","other.rate.adj.r.squared"
"1","C6",TRUE,"BB110",1,NA,"BB110__1",10,926.108333333333,0.0183225,276.633333333333,19.2,4038.6,0.08664,0.0021625,10.7083333333333,6.83333333333331,-3.99962546616427,NA,NA,NA,NA,NA,NA,NA
"2","C6",TRUE,"BB110",1,NA,"BB110__1",20,820.908333333333,0.0186625,277.233333333333,20.6,4134.8,0.0864,0.0021625,10.7083333333333,6.83333333333331,-3.98123911611683,NA,NA,NA,NA,NA,NA,NA
"3","C6",TRUE,"BB110",1,NA,"BB110__1",30,1019.70833333333,0.0197025,269.833333333333,23,4022,0.08616,0.0021625,10.7083333333333,6.83333333333331,-3.92700974773647,0.335849790659025,0.935592502677272,0.0200355641927862,15069.2037965523,0.354438939591484,-437.222526688515,0.353304986470813
"4","C6",TRUE,"BB110",1,NA,"BB110__1",40,941.308333333334,0.0209425,272.633333333333,25.2,4179.4,0.08602,0.0021625,10.7083333333333,6.83333333333331,-3.86597469193631,0.468246970354836,0.968389424065618,0.021418705869746,3613.66370455316,-0.297832151624627,28.0128969345209,-0.330206378986866
"5","C6",TRUE,"BB110",1,NA,"BB110__1",50,1117.50833333333,0.0228825,271.633333333333,25.2,4117.2,0.08578,0.0021625,10.7083333333333,6.83333333333331,-3.77738285270534,0.602924046579665,0.969019657611013,0.0234667627127848,-7660.19592050785,-0.0680570711779633,1078.97285662695,0.682223590866585
"6","C6",TRUE,"BB110",1,NA,"BB110__1",60,836.508333333333,0.0255825,276.833333333333,27,4185.2,0.08578,0.0021625,10.7083333333333,6.83333333333331,-3.66584675500336,0.78773553349145,0.970947289904295,0.0264116909173048,4279.92287028983,-0.262961018230532,1417.55407168836,0.849173955296406
"7","C6",TRUE,"BB110",1,NA,"BB110__1",70,922.308333333334,0.0294625,288.833333333333,28,4197.4,0.0858,0.0021625,10.7083333333333,6.83333333333331,-3.52463701071989,0.965034355213206,0.981984402283862,0.0305501512026398,9910.26191627617,-0.00273385385570113,1194.10210961077,0.823370381495945
"8","C6",TRUE,"BB110",1,NA,"BB110__1",80,1133.10833333333,0.0355825,295.233333333333,27.6,4227.6,0.08548,0.0021625,10.7083333333333,6.83333333333331,-3.33590133501949,1.12798772160586,0.992335060386305,0.0362713122867917,23370.5357362734,0.97842485273834,1052.07111610064,0.825734131077643
"9","C6",TRUE,"BB110",1,NA,"BB110__1",90,1221.50833333333,0.0433625,292.833333333333,28,4184.2,0.0854,0.0021625,10.7083333333333,6.83333333333331,-3.13816026668627,1.24280407203346,0.998255281809579,0.0440234522214782,11985.4298873584,0.536662559144626,1098.50540018318,0.77404354259142
"10","C6",TRUE,"BB110",1,NA,"BB110__1",100,1393.30833333333,0.0539825,306.633333333333,29.2,4259.4,0.08528,0.0021625,10.7083333333333,6.83333333333331,-2.91909535901529,1.28522373691282,0.999515830382604,0.0541953198696115,12563.4464680369,0.536090008768424,1268.74424148486,0.882335299410175
"11","C6",TRUE,"BB110",1,NA,"BB110__1",110,1231.90833333333,0.0673825,323.433333333333,28.4,4247.8,0.08528,0.0021625,10.7083333333333,6.83333333333331,-2.69736993869411,1.29029810240517,0.999685862754961,0.0669409300031939,10286.0835660208,0.544184226469302,1227.948282106,0.986846732784694
"12","C6",TRUE,"BB110",1,NA,"BB110__1",120,1695.30833333333,0.0833025,337.233333333333,29.6,4269.4,0.08546,0.0021625,10.7083333333333,6.83333333333331,-2.48527671825489,1.25274987241597,0.999257130657409,0.082653761851834,11817.9738963487,0.676579925933861,1070.00574466941,0.97594616028019
"13","C6",TRUE,"BB110",1,NA,"BB110__1",130,1644.30833333333,0.1023025,346.033333333333,29.8,4226.4,0.08536,0.0021625,10.7083333333333,6.83333333333331,-2.27982116839549,1.20656668128247,0.999381723275232,0.101490312392129,14289.0485389073,0.898888502130092,885.601767119703,0.975871926815323
"14","C6",TRUE,"BB110",1,NA,"BB110__1",140,2001.10833333333,0.1244425,369.033333333333,28.8,4231.6,0.08552,0.0021625,10.7083333333333,6.83333333333331,-2.08391151715129,1.13445960449141,0.997231382819839,0.123067687390125,9799.48535294224,0.876025232294669,865.864974468927,0.97116856003269
"15","C6",TRUE,"BB110",1,NA,"BB110__1",150,2287.50833333333,0.1506825,382.433333333333,28.4,4210.2,0.08508,0.0021625,10.7083333333333,6.83333333333331,-1.89258030484385,1.03729915498418,0.993755874614545,0.14718187595056,11443.8003261066,0.953459538113059,843.038582017258,0.990352985164248
"16","C6",TRUE,"BB110",1,NA,"BB110__1",160,2378.70833333333,0.1766625,407.833333333333,30,4219,0.0851,0.0021625,10.7083333333333,6.83333333333331,-1.73351414628787,0.92545995624006,0.991472241050101,0.173277904202196,12742.5363906959,0.883654418096171,750.701600408389,0.989315755883257
"17","C6",TRUE,"BB110",1,NA,"BB110__1",170,2859.10833333333,0.2038025,430.033333333333,28.8,4302.6,0.08506,0.0021625,10.7083333333333,6.83333333333331,-1.59060389134039,0.813560699048078,0.994216148529143,0.200692377470229,12343.0696831895,0.929317874243671,665.496127374407,0.994828957836118
"18","C6",TRUE,"BB110",1,NA,"BB110__1",180,3555.30833333333,0.2313825,453.633333333333,29.2,4216.4,0.08498,0.0021625,10.7083333333333,6.83333333333331,-1.46368309370297,0.727028558292487,0.994048304749967,0.228297682533361,14260.3287246434,0.966276098521729,497.245520586533,0.976563094631702
"19","C6",TRUE,"BB110",1,NA,"BB110__1",190,3763.50833333333,0.2593625,470.833333333333,29,4273.2,0.085,0.0021625,10.7083333333333,6.83333333333331,-1.34952858192957,0.647610303365208,0.993752259519539,0.256112976505034,14529.9939533789,0.960483018324497,392.63922262847,0.980549318964227
"20","C6",TRUE,"BB110",1,NA,"BB110__1",200,4639.50833333333,0.2870225,482.033333333333,29.8,4204.2,0.08514,0.0021625,10.7083333333333,6.83333333333331,-1.24819466908287,0.579753816989255,0.994271999240177,0.283877521888586,15425.3847605398,0.956381850872072,347.473795543114,0.984961291128176
"21","C6",TRUE,"BB110",1,NA,"BB110__1",210,5418.10833333333,0.3139025,499.633333333333,30.2,4187.6,0.08506,0.0021625,10.7083333333333,6.83333333333331,-1.1586728508461,0.515639291538254,0.993786361765967,0.311093179360844,15779.709507247,0.995088707914407,310.517897558761,0.982042163465636
"22","C6",TRUE,"BB110",1,NA,"BB110__1",220,6377.10833333333,0.3409625,521.433333333333,30.4,4213.6,0.0851,0.0021625,10.7083333333333,6.83333333333331,-1.07598277842033,0.465997850284126,0.995503323416006,0.337900609337976,13099.1181361641,0.985512587033689,271.322387312712,0.967758905086711
"23","C6",TRUE,"BB110",1,NA,"BB110__1",230,6985.50833333333,0.3657025,531.633333333333,29.2,4222.2,0.08506,0.0021625,10.7083333333333,6.83333333333331,-1.00593511764563,0.433607159522298,0.998181910172891,0.364653993924164,11296.6265792682,0.987101721850892,241.873122109126,0.972949446149159
"24","C6",TRUE,"BB110",1,NA,"BB110__1",240,7544.30833333333,0.3921025,542.433333333333,29.4,4185.4,0.08506,0.0021625,10.7083333333333,6.83333333333331,-0.936231993779668,0.388917878728228,0.992771625069458,0.390112042241292,10538.8184798896,0.987521704547105,212.554320352695,0.979166838466718
"25","C6",TRUE,"BB110",1,NA,"BB110__1",250,8267.30833333333,0.4201225,562.633333333333,29.2,4244.4,0.08494,0.0021625,10.7083333333333,6.83333333333331,-0.86720894356451,0.353535886147706,0.989309957616664,0.414829556836494,11577.9599617417,0.982601029538366,190.05395999561,0.961358612353367
"26","C6",TRUE,"BB110",1,NA,"BB110__1",260,9162.30833333333,0.4398825,575.033333333333,29.8,4193.4,0.08508,0.0021625,10.7083333333333,6.83333333333331,-0.821247633187362,0.299506462595845,0.981381074322984,0.437854476431681,10656.143196307,0.972741879526566,150.735012549993,0.913801348966839
"27","C6",TRUE,"BB110",1,NA,"BB110__1",270,10178.9083333333,0.4635625,581.033333333333,29.8,4087.8,0.085,0.0021625,10.7083333333333,6.83333333333331,-0.76881405948536,0.246899727857495,0.984545842014322,0.458656004084894,10041.5125038841,0.972393832158712,118.781831077733,0.974542501078708
"28","C6",TRUE,"BB110",1,NA,"BB110__1",280,10476.7083333333,0.4791025,588.233333333333,29.6,4187,0.08496,0.0021625,10.7083333333333,6.83333333333331,-0.735840716989372,0.217973351499572,0.983236789960369,0.476923687367725,9772.1294275043,0.970829706257725,69.9482975654302,0.652482269503541
"29","C6",TRUE,"BB110",1,NA,"BB110__1",290,11448.1083333333,0.4945225,601.433333333333,29.4,4192.6,0.08504,0.0021625,10.7083333333333,6.83333333333331,-0.704162628448926,0.187609831086793,0.998689192156104,0.494091306297336,8129.34765053902,0.935178031532635,56.3458608665464,0.567245591138766
"30","C6",TRUE,"BB110",1,NA,"BB110__1",300,12411.5083333333,0.5107225,592.633333333333,29.2,4192.2,0.08504,0.0021625,10.7083333333333,6.83333333333331,-0.671928889122603,0.16858271405414,0.988151294291063,0.508486517095967,6884.66632309799,0.862480096611546,54.514719796923,0.566272169397791
"31","C6",TRUE,"BB110",1,NA,"BB110__1",310,12558.7083333333,0.5249625,602.033333333333,30.8,4244,0.085,0.0021625,10.7083333333333,6.83333333333331,-0.644428447513084,0.141707205282874,0.971401308672393,0.521506384882628,4855.16586833325,0.888338970338054,99.8645491401248,0.591571773001586
"32","C6",TRUE,"BB110",1,NA,"BB110__1",320,12838.7083333333,0.5351425,611.033333333333,29.8,4252,0.08492,0.0021625,10.7083333333333,6.83333333333331,-0.625222212412176,0.123023099449207,0.988765582531877,0.533880447921314,4642.16288431164,0.896780326953495,136.210270076641,0.915985426043295
"33","C6",TRUE,"BB110",1,NA,"BB110__1",330,13344.5083333333,0.5436625,635.633333333333,29.2,4186.2,0.0851,0.0021625,10.7083333333333,6.83333333333331,-0.609426629068411,0.0931732896497501,0.938216812504899,0.543141424971758,5175.2266919176,0.959648050853286,180.505473330631,0.898003080697679
"34","C6",TRUE,"BB110",1,NA,"BB110__1",340,14083.9083333333,0.5560425,636.433333333333,29.4,4200.8,0.08512,0.0021625,10.7083333333333,6.83333333333331,-0.586910548803934,0.082726686881201,0.936216177347745,0.551504550368995,4618.92834482624,0.91636205569269,195.610353401111,0.925623207640341
"35","C6",TRUE,"BB110",1,NA,"BB110__1",350,14278.5083333333,0.5565825,671.033333333333,29.8,4170.2,0.08518,0.0021625,10.7083333333333,6.83333333333331,-0.585939871275747,0.0561295420670988,0.773221734264411,0.557395891158339,3340.17532158508,0.859016112189149,202.369629538509,0.928035185843438
"36","C6",TRUE,"BB110",1,NA,"BB110__1",360,14494.5083333333,0.5666425,683.233333333333,28.6,4181.2,0.08522,0.0021625,10.7083333333333,6.83333333333331,-0.568026685574174,0.0369675456220261,0.762789008173179,0.562592533380728,1432.29771493374,0.718982446454066,244.013192238898,0.976496374472685
"37","C6",TRUE,"BB110",1,NA,"BB110__1",370,14690.7083333333,0.5643425,706.233333333333,29.6,4211,0.08532,0.0021625,10.7083333333333,6.83333333333331,-0.572093942294042,0.0545272586533495,0.795172691236204,0.567555016627275,1783.22800495067,0.698949147150746,275.708954049761,0.940229110259781
"38","C6",TRUE,"BB110",1,NA,"BB110__1",380,14549.3083333333,0.5694825,733.233333333333,29.6,4210.4,0.08528,0.0021625,10.7083333333333,6.83333333333331,-0.563027225276431,0.0670318489009463,0.799119368700062,0.574317816230583,1324.49312645838,0.494422038857594,305.684405112576,0.980200359134297
"39","C6",TRUE,"BB110",1,NA,"BB110__1",390,15094.5083333333,0.5810025,776.433333333333,30.4,4169.2,0.08526,0.0021625,10.7083333333333,6.83333333333331,-0.543000219213494,0.0764882732771046,0.918261053987286,0.57910636703699,2114.84464635798,0.629482784707823,305.436116865733,0.981415287124495
"40","C6",TRUE,"BB110",1,NA,"BB110__1",400,14926.5083333333,0.5905425,794.433333333333,29.4,4132.2,0.08532,0.0021625,10.7083333333333,6.83333333333331,-0.526713673030327,0.0530636250029176,0.681257694211681,0.584346703430419,3485.12276709114,0.845489838636059,280.72375361579,0.976006849780583
"41","C6",TRUE,"BB110",1,NA,"BB110__1",410,15522.7083333333,0.5906625,823.033333333333,28.8,4190,0.0853,0.0021625,10.7083333333333,6.83333333333331,-0.526510490686174,0.0338024570994026,0.706882223852392,0.590026525224341,4055.61427783294,0.861443657817699,325.612479755806,0.917514448525768
"42","C6",TRUE,"BB110",1,NA,"BB110__1",420,16032.3083333333,0.5903425,846.633333333333,29.2,4131.4,0.08522,0.0021625,10.7083333333333,6.83333333333331,-0.52705240203766,0.0227347435067516,0.671149933408899,0.59349517959991,4681.35225946226,0.968191248684466,367.787317408623,0.959179201115648
"43","C6",TRUE,"BB110",1,NA,"BB110__1",430,16535.7083333333,0.5977025,910.433333333333,29.4,4187,0.08546,0.0021625,10.7083333333333,6.83333333333331,-0.514662140460325,0.0321113404418421,0.870019138534463,0.595907587922834,2473.87351642666,0.545593262803951,381.804166637766,0.968051273195788
"44","C6",TRUE,"BB110",1,NA,"BB110__1",440,16735.3083333333,0.5982825,932.633333333333,30.2,4123.4,0.08508,0.0021625,10.7083333333333,6.83333333333331,-0.513692228554292,0.036672878032897,0.92408315471461,0.599002794841996,969.210836742658,0.107071133103384,389.447264701886,0.970739305626151
"45","C6",TRUE,"BB110",1,NA,"BB110__1",450,16399.7083333333,0.6026425,969.633333333333,29.2,4206,0.08542,0.0021625,10.7083333333333,6.83333333333331,-0.506431127059656,0.0329635946906754,0.949358871100883,0.603007565789968,-222.484770691457,-0.223763020593639,316.015935472316,0.980306939610692
"46","C6",TRUE,"BB110",1,NA,"BB110__1",460,16584.1083333333,0.6061625,1011.43333333333,29.4,4208.6,0.0854,0.0021625,10.7083333333333,6.83333333333331,-0.500607177043913,0.0426432396986195,0.991509227909906,0.606655642935895,944.127045828081,0.00764442376164742,335.67642924162,0.985137377277946
"47","C6",TRUE,"BB110",1,NA,"BB110__1",470,16499.5083333333,0.6103425,1029.83333333333,29,4149.2,0.08552,0.0021625,10.7083333333333,6.83333333333331,-0.493735003973284,0.0415325083555491,0.988509325323588,0.61077297876318,3735.13576946328,0.731633223339942,361.509116606831,0.972315131152959
"48","C6",TRUE,"BB110",1,NA,"BB110__1",480,17162.7083333333,0.6160025,1072.23333333333,29.6,4092,0.08546,0.0021625,10.7083333333333,6.83333333333331,-0.484504257015294,0.0368009285816457,0.952564682308121,0.614394559812264,3828.94015324424,0.759333263829926,394.339429167523,0.972361503222627
"49","C6",TRUE,"BB110",1,NA,"BB110__1",490,18011.5083333333,0.6188625,1123.23333333333,29.6,4151.2,0.0852,0.0021625,10.7083333333333,6.83333333333331,-0.479872163444341,0.0301018728622444,0.935970807256147,0.617862184849466,3548.55832540419,0.699750029181723,476.999575676903,0.99437741987317
"50","C6",TRUE,"BB110",1,NA,"BB110__1",500,17788.5083333333,0.6207225,1166.63333333333,29.2,4177.2,0.08544,0.0021625,10.7083333333333,6.83333333333331,-0.47687115682368,0.0258740806713036,0.98524371450102,0.621218813500993,1972.05875510407,0.538002105092807,452.980485916255,0.98554089666731
"51","C6",TRUE,"BB110",1,NA,"BB110__1",510,18013.7083333333,0.6234625,1228.23333333333,28.6,4151,0.0854,0.0021625,10.7083333333333,6.83333333333331,-0.472466660017221,0.0257143769297,0.98464840025362,0.62382690656192,991.813584011532,0.520626973176213,402.034598639271,0.973495438619795
"52","C6",TRUE,"BB110",1,NA,"BB110__1",520,18182.5083333333,0.6271025,1254.23333333333,29.6,4210.2,0.08546,0.0021625,10.7083333333333,6.83333333333331,-0.466645274836101,0.0267293261907515,0.99038418157801,0.626429980598828,3076.86423015305,0.780948320481607,405.153022461318,0.97202449268549
"53","C6",TRUE,"BB110",1,NA,"BB110__1",530,18330.1083333333,0.6290425,1288.43333333333,29.4,4149.6,0.08532,0.0021625,10.7083333333333,6.83333333333331,-0.463556456996714,0.0286036565292579,0.981618437416346,0.629499988508301,2772.10489572071,0.696951571283917,378.395558933133,0.975242429707091
"54","C6",TRUE,"BB110",1,NA,"BB110__1",540,19236.5083333333,0.6318825,1348.03333333333,29.8,4142.2,0.08538,0.0021625,10.7083333333333,6.83333333333331,-0.459051819841641,0.0312246583815312,0.973302199638108,0.63281699758421,1420.69508788812,0.0662507352217421,470.467767358576,0.973433325372184
"55","C6",TRUE,"BB110",1,NA,"BB110__1",550,18940.9083333333,0.6360825,1379.83333333333,29,4147.8,0.08518,0.0021625,10.7083333333333,6.83333333333331,-0.452427007073403,0.0339451896346124,0.993666816562884,0.635982047224575,1551.17586149667,0.104360673040449,489.259093645649,0.98187503655449
"56","C6",TRUE,"BB110",1,NA,"BB110__1",560,18626.3083333333,0.6400625,1456.63333333333,29.2,4120.4,0.0857,0.0021625,10.7083333333333,6.83333333333331,-0.446189451146481,0.0306132780199344,0.967425937713396,0.639125460148293,1195.25828281469,0.00819210230800338,497.554893097539,0.981446116977458
"57","C6",TRUE,"BB110",1,NA,"BB110__1",570,19457.3083333333,0.6429425,1493.43333333333,30.4,4050.4,0.08552,0.0021625,10.7083333333333,6.83333333333331,-0.441699983315451,0.0296099492096807,0.974207793216209,0.642670537143403,2264.73739790444,0.614387397353381,541.117073058543,0.988771933801573
"58","C6",TRUE,"BB110",1,NA,"BB110__1",580,19614.9083333333,0.6447425,1556.23333333333,30.6,4120.8,0.08582,0.0021625,10.7083333333333,6.83333333333331,-0.438904266704005,NA,NA,NA,NA,NA,NA,NA
"59","C6",TRUE,"BB110",1,NA,"BB110__1",590,19659.5083333333,0.6496025,1619.83333333333,30,4138.2,0.08556,0.0021625,10.7083333333333,6.83333333333331,-0.431394641619907,NA,NA,NA,NA,NA,NA,NA
"60","D12",TRUE,"BB110",1,NA,"BB110__1",10,825.941666666667,0.0182058333333333,277.633333333333,19.2,4038.6,0.08664,-0.000554166666666665,-35.4583333333334,-2.16666666666669,-4.00601322343214,NA,NA,NA,NA,NA,NA,NA
"61","D12",TRUE,"BB110",1,NA,"BB110__1",20,1116.74166666667,0.0185458333333333,270.233333333333,20.6,4134.8,0.0864,-0.000554166666666665,-35.4583333333334,-2.16666666666669,-3.98751013330827,NA,NA,NA,NA,NA,NA,NA
"62","D12",TRUE,"BB110",1,NA,"BB110__1",30,1038.54166666667,0.0194858333333333,269.833333333333,23,4022,0.08616,-0.000554166666666665,-35.4583333333334,-2.16666666666669,-3.93806757316484,0.353501903253233,0.912250732777772,0.0199503026029205,4607.44891090246,-0.28225066165204,463.150869633803,-0.095134787674259
"63","D12",TRUE,"BB110",1,NA,"BB110__1",40,865.141666666667,0.0208258333333333,273.633333333333,25.2,4179.4,0.08602,-0.000554166666666665,-35.4583333333334,-2.16666666666669,-3.87156107572345,0.505042554903072,0.960308009047073,0.0214184395972205,-18740.8610313558,0.473567372236259,364.172187455344,-0.172656398554857
"64","D12",TRUE,"BB110",1,NA,"BB110__1",50,1028.34166666667,0.0230658333333333,283.633333333333,25.2,4117.2,0.08578,-0.000554166666666665,-35.4583333333334,-2.16666666666669,-3.76940283284685,0.647995406776225,0.976957038056638,0.0235725105077586,3955.45480695881,-0.296160056243046,208.717692516482,-0.264096544338728
"65","D12",TRUE,"BB110",1,NA,"BB110__1",60,787.341666666667,0.0259658333333333,269.833333333333,27,4185.2,0.08578,-0.000554166666666665,-35.4583333333334,-2.16666666666669,-3.6509737077147,0.812272901355565,0.981794393910515,0.0266464934928801,7799.90057812048,-0.137648451183967,301.728255620135,-0.183174443886939
"66","D12",TRUE,"BB110",1,NA,"BB110__1",70,1155.14166666667,0.0299458333333333,275.833333333333,28,4197.4,0.0858,-0.000554166666666665,-35.4583333333334,-2.16666666666669,-3.50836508485569,0.960779155850863,0.98636042311962,0.0308964190655133,15178.4580279549,0.169864753807634,1025.36154538896,0.266558215198694
"67","D12",TRUE,"BB110",1,NA,"BB110__1",80,974.941666666666,0.0359658333333333,284.233333333333,27.6,4227.6,0.08548,-0.000554166666666665,-35.4583333333334,-2.16666666666669,-3.32518586525606,1.10391404719096,0.99346125005104,0.0366216657689109,20476.4033600185,0.622763110817989,1451.59972611429,0.879382793865016
"68","D12",TRUE,"BB110",1,NA,"BB110__1",90,1325.34166666667,0.0436458333333333,302.833333333333,28,4184.2,0.0854,-0.000554166666666665,-35.4583333333334,-2.16666666666669,-3.13164745753379,1.21101046581154,0.998201475606248,0.0442749323943844,12893.0744583678,0.540147511368561,1322.6445944258,0.898779497208727
"69","D12",TRUE,"BB110",1,NA,"BB110__1",100,1327.14166666667,0.0539658333333334,300.633333333333,29.2,4259.4,0.08528,-0.000554166666666665,-35.4583333333334,-2.16666666666669,-2.91940414871652,1.25671478763316,0.999491041024314,0.054247140154605,15128.5394522375,0.847277332582741,1145.86685718073,0.901413182029442
"70","D12",TRUE,"BB110",1,NA,"BB110__1",110,1454.74166666667,0.0670658333333334,316.433333333333,28.4,4247.8,0.08528,-0.000554166666666665,-35.4583333333334,-2.16666666666669,-2.70208055494918,1.26859196618346,0.999851328553302,0.066754401512974,14853.851993674,0.769699825059895,1087.56873486297,0.879171842650104
"71","D12",TRUE,"BB110",1,NA,"BB110__1",120,1594.14166666667,0.0826858333333333,329.233333333333,29.6,4269.4,0.08546,-0.000554166666666665,-35.4583333333334,-2.16666666666669,-2.49270699352073,1.24129386169633,0.9994903823406,0.0821812158458945,13441.0277169826,0.860897150516899,1426.60337637067,0.949961751036217
"72","D12",TRUE,"BB110",1,NA,"BB110__1",130,2018.14166666667,0.101485833333333,349.033333333333,29.8,4226.4,0.08536,-0.000554166666666665,-35.4583333333334,-2.16666666666669,-2.28783606331213,1.19639379900582,0.999282865967811,0.100658261327362,14240.2618632393,0.879452687766435,1161.15655544538,0.948825862779681
"73","D12",TRUE,"BB110",1,NA,"BB110__1",140,1965.94166666667,0.123425833333333,382.033333333333,28.8,4231.6,0.08552,-0.000554166666666665,-35.4583333333334,-2.16666666666669,-2.09211484312143,1.11914469712954,0.9964185065949,0.121739635670952,16037.5048704525,0.882044357939359,855.596449142765,0.897612850838713
"74","D12",TRUE,"BB110",1,NA,"BB110__1",150,2463.34166666667,0.148765833333333,387.433333333333,28.4,4210.2,0.08508,-0.000554166666666665,-35.4583333333334,-2.16666666666669,-1.90538179764398,0.995452526970635,0.988739194347145,0.144703589690988,12896.1555410275,0.863704512595701,641.863827969602,0.900727364862778
"75","D12",TRUE,"BB110",1,NA,"BB110__1",160,2998.54166666667,0.173545833333333,396.833333333333,30,4219,0.0851,-0.000554166666666665,-35.4583333333334,-2.16666666666669,-1.75131354541352,0.845694891819008,0.981169578783885,0.168529692017973,16512.2238501642,0.923860358557944,508.397060328471,0.923216279568462
"76","D12",TRUE,"BB110",1,NA,"BB110__1",170,3056.94166666667,0.196185833333333,419.033333333333,28.8,4302.6,0.08506,-0.000554166666666665,-35.4583333333334,-2.16666666666669,-1.62869293969055,0.683737821639182,0.978290405781724,0.191685279735435,15129.8002851488,0.927519392134226,587.212540031014,0.978928497387689
"77","D12",TRUE,"BB110",1,NA,"BB110__1",180,3988.14166666667,0.217465833333333,437.633333333333,29.2,4216.4,0.08498,-0.000554166666666665,-35.4583333333334,-2.16666666666669,-1.52571352891564,0.555788193285824,0.980939488629958,0.212995408659531,15273.5686673893,0.93998259209978,524.518348555494,0.976149361470047
"78","D12",TRUE,"BB110",1,NA,"BB110__1",190,4385.34166666667,0.234945833333333,460.833333333333,29,4273.2,0.085,-0.000554166666666665,-35.4583333333334,-2.16666666666669,-1.44840028786027,0.472503476668838,0.990283778858269,0.232712610735551,18056.2625580053,0.975660458449006,377.976937828932,0.931158729598381
"79","D12",TRUE,"BB110",1,NA,"BB110__1",200,5045.34166666667,0.252005833333333,469.033333333333,29.8,4204.2,0.08514,-0.000554166666666665,-35.4583333333334,-2.16666666666669,-1.37830304359048,0.41697318280066,0.997620018313254,0.251117303427618,17466.418841441,0.972152349287354,323.514146142527,0.943174886993141
"80","D12",TRUE,"BB110",1,NA,"BB110__1",210,6029.94166666667,0.270185833333333,476.633333333333,30.2,4187.6,0.08506,-0.000554166666666665,-35.4583333333334,-2.16666666666669,-1.3086452851291,0.386475359061892,0.996912267433991,0.26847999798778,15584.6246698439,0.949516399562591,250.297975654256,0.946802517818217
"81","D12",TRUE,"BB110",1,NA,"BB110__1",220,6820.94166666667,0.287045833333333,497.433333333333,30.4,4213.6,0.0851,-0.000554166666666665,-35.4583333333334,-2.16666666666669,-1.24811337794734,0.359913553231319,0.996717317280557,0.285733672083343,13527.2821429061,0.944345973371364,299.859653835299,0.944927536231884
"82","D12",TRUE,"BB110",1,NA,"BB110__1",230,6984.34166666667,0.303785833333333,502.633333333333,29.2,4222.2,0.08506,-0.000554166666666665,-35.4583333333334,-2.16666666666669,-1.1914323214636,0.331511253500446,0.997991222072223,0.302817528035027,12285.8145766571,0.953715100299028,265.506427325105,0.915400963603386
"83","D12",TRUE,"BB110",1,NA,"BB110__1",240,7789.14166666667,0.320785833333333,527.433333333333,29.4,4185.4,0.08506,-0.000554166666666665,-35.4583333333334,-2.16666666666669,-1.13698156439713,0.310163538633995,0.997632634788603,0.319444215816992,11033.2878965609,0.942990814720691,238.914953600923,0.918704924629336
"84","D12",TRUE,"BB110",1,NA,"BB110__1",250,8646.14166666667,0.336905833333333,528.633333333333,29.2,4244.4,0.08494,-0.000554166666666665,-35.4583333333334,-2.16666666666669,-1.08795181398716,0.274506710474817,0.98803366079231,0.334993200658358,13173.0434866362,0.967972475062749,206.69076227196,0.870667115098783
"85","D12",TRUE,"BB110",1,NA,"BB110__1",260,8927.14166666667,0.352965833333333,548.033333333333,29.8,4193.4,0.08508,-0.000554166666666665,-35.4583333333334,-2.16666666666669,-1.04138401615722,0.237976188325726,0.98511636007621,0.349643985843746,13160.9299353327,0.966135369450911,145.862654771336,0.891483749347328
"86","D12",TRUE,"BB110",1,NA,"BB110__1",270,10092.7416666667,0.364045833333333,550.033333333333,29.8,4087.8,0.085,-0.000554166666666665,-35.4583333333334,-2.16666666666669,-1.0104755035212,0.209392335737154,0.991319340946384,0.36329760524172,10135.4920783197,0.852739907589152,54.170464423806,-0.0656874745002007
"87","D12",TRUE,"BB110",1,NA,"BB110__1",280,10900.5416666667,0.376285833333333,559.233333333333,29.6,4187,0.08496,-0.000554166666666665,-35.4583333333334,-2.16666666666669,-0.977406229358673,0.202867540753259,0.996451402787642,0.376848904373027,10045.8299229992,0.859729814450468,26.4296907445457,-0.219269488045566
"88","D12",TRUE,"BB110",1,NA,"BB110__1",290,10727.9416666667,0.388505833333333,539.433333333333,29.4,4192.6,0.08504,-0.000554166666666665,-35.4583333333334,-2.16666666666669,-0.945447094272144,0.205486693423495,0.99738719514989,0.389559797964032,8688.88426806434,0.879357287307588,102.269279859515,0.254885637134046
"89","D12",TRUE,"BB110",1,NA,"BB110__1",300,11764.3416666667,0.404605833333333,561.633333333333,29.2,4192.2,0.08504,-0.000554166666666665,-35.4583333333334,-2.16666666666669,-0.904841936820705,0.210772106585853,0.997399782355564,0.40333483867326,7008.96557634115,0.784178554706836,107.404557817266,0.325432450739536
"90","D12",TRUE,"BB110",1,NA,"BB110__1",310,12481.5416666667,0.416645833333333,582.033333333333,30.8,4244,0.085,-0.000554166666666665,-35.4583333333334,-2.16666666666669,-0.875518738603942,0.197423121826991,0.988730870715634,0.416651969430918,7453.70291718953,0.841636872893573,176.838237679844,0.801619055360373
"91","D12",TRUE,"BB110",1,NA,"BB110__1",320,12379.5416666667,0.433125833333333,574.033333333333,29.8,4252,0.08492,-0.000554166666666665,-35.4583333333334,-2.16666666666669,-0.836726985037896,0.159983586478606,0.959343745235209,0.428796688300696,6601.17038500784,0.870034188825661,179.385713786249,0.793698860846643
"92","D12",TRUE,"BB110",1,NA,"BB110__1",330,13008.3416666667,0.442645833333333,594.633333333333,29.2,4186.2,0.0851,-0.000554166666666665,-35.4583333333334,-2.16666666666669,-0.814985301974389,0.124962151349651,0.917110523515641,0.438860130463384,5014.53617505957,0.718403286817574,215.193847525595,0.831145830395668
"93","D12",TRUE,"BB110",1,NA,"BB110__1",340,13859.7416666667,0.448525833333333,619.433333333333,29.4,4200.8,0.08512,-0.000554166666666665,-35.4583333333334,-2.16666666666669,-0.801788999736643,0.100182816533759,0.984345453238259,0.448551261323483,6012.1556498203,0.82706795090427,285.98737995185,0.9978717232751
"94","D12",TRUE,"BB110",1,NA,"BB110__1",350,13575.3416666667,0.454365833333333,638.033333333333,29.8,4170.2,0.08518,-0.000554166666666665,-35.4583333333334,-2.16666666666669,-0.78885260512986,0.0889619701074293,0.977247039868505,0.455615916841147,5438.79155315807,0.824872277019016,296.302203259218,0.993972915349192
"95","D12",TRUE,"BB110",1,NA,"BB110__1",360,14343.3416666667,0.464725833333333,659.233333333333,28.6,4181.2,0.08522,-0.000554166666666665,-35.4583333333334,-2.16666666666669,-0.766307653015362,0.0974535216817575,0.976542056624631,0.462897441326072,3000.66467427623,0.410120707285293,314.713340351737,0.987432171454433
"96","D12",TRUE,"BB110",1,NA,"BB110__1",370,14831.5416666667,0.468325833333333,687.233333333333,29.6,4211,0.08532,-0.000554166666666665,-35.4583333333334,-2.16666666666669,-0.758591000245505,0.09983216525761,0.97864184071665,0.470441484142775,3999.39219524483,0.620179203976908,316.043556981206,0.991628798177134
"97","D12",TRUE,"BB110",1,NA,"BB110__1",380,14389.1416666667,0.479165833333333,716.233333333333,29.6,4210.4,0.08528,-0.000554166666666665,-35.4583333333334,-2.16666666666669,-0.735708534110688,0.091079699133392,0.97468842174787,0.477993575193025,2252.91731079258,0.4348026629483,324.606873507332,0.99162868548251
"98","D12",TRUE,"BB110",1,NA,"BB110__1",390,15120.3416666667,0.486285833333333,733.433333333333,30.4,4169.2,0.08526,-0.000554166666666665,-35.4583333333334,-2.16666666666669,-0.720958693534188,0.096930648446244,0.983577278628361,0.485241780060702,493.609598023568,-0.276305558628325,379.357276236543,0.953499894183714
"99","D12",TRUE,"BB110",1,NA,"BB110__1",400,15096.3416666667,0.492025833333333,765.433333333333,29.4,4132.2,0.08532,-0.000554166666666665,-35.4583333333334,-2.16666666666669,-0.709224057093194,0.0911900502282054,0.993483555902433,0.493455171929557,1504.33117783993,0.0701093775975185,424.841022904362,0.966772012375673
"100","D12",TRUE,"BB110",1,NA,"BB110__1",410,14677.5416666667,0.501045833333333,816.033333333333,28.8,4190,0.0853,-0.000554166666666665,-35.4583333333334,-2.16666666666669,-0.691057698382383,0.0872129819809687,0.985986092153228,0.500427037768666,1763.93346757588,0.119752361849764,460.646573030618,0.992231404780558
"101","D12",TRUE,"BB110",1,NA,"BB110__1",420,15229.1416666667,0.509325833333333,849.633333333333,29.2,4131.4,0.08522,-0.000554166666666665,-35.4583333333334,-2.16666666666669,-0.674667323163087,0.0818078948050137,0.975905253145974,0.507194000091365,1009.79112510744,-0.189361333849917,420.904032700592,0.980644732717621
"102","D12",TRUE,"BB110",1,NA,"BB110__1",430,15789.5416666667,0.513985833333333,883.433333333333,29.4,4187,0.08546,-0.000554166666666665,-35.4583333333334,-2.16666666666669,-0.665559575515101,0.0589822048710718,0.920503074654887,0.5129972414009,2170.77190699693,0.159747783292392,392.048891824014,0.993015479080906
"103","D12",TRUE,"BB110",1,NA,"BB110__1",440,14967.1416666667,0.520065833333333,909.633333333333,30.2,4123.4,0.08508,-0.000554166666666665,-35.4583333333334,-2.16666666666669,-0.65379987285599,0.0414342655464412,0.915202009657499,0.517563516497539,756.544824970984,-0.218880865912964,375.374217477178,0.99002819228105
"104","D12",TRUE,"BB110",1,NA,"BB110__1",450,15736.5416666667,0.520825833333333,953.633333333333,29.2,4206,0.08542,-0.000554166666666665,-35.4583333333334,-2.16666666666669,-0.652339586143371,0.0324723754591891,0.909423794187521,0.520953484170195,1096.91175385884,-0.126095070859656,377.308158929184,0.990005331739237
"105","D12",TRUE,"BB110",1,NA,"BB110__1",460,15581.9416666667,0.523745833333333,976.433333333333,29.4,4208.6,0.0854,-0.000554166666666665,-35.4583333333334,-2.16666666666669,-0.646748763226917,0.0256886156159608,0.969634425802162,0.523880002662065,4698.70960428291,0.793058456616733,413.911580701957,0.985602679518142
"106","D12",TRUE,"BB110",1,NA,"BB110__1",470,15958.3416666667,0.526225833333333,1013.83333333333,29,4149.2,0.08552,-0.000554166666666665,-35.4583333333334,-2.16666666666669,-0.642024817446979,0.0328989468749709,0.9841186318064,0.526429806725864,4450.96377534748,0.777963475491942,447.922965203205,0.977177532480005
"107","D12",TRUE,"BB110",1,NA,"BB110__1",480,16907.5416666667,0.528585833333333,1060.23333333333,29.6,4092,0.08546,-0.000554166666666665,-35.4583333333334,-2.16666666666669,-0.637550077524218,0.0343713935666442,0.985617075462712,0.529384263692171,4171.79004263753,0.713040846377144,492.798932443707,0.997484939767517
"108","D12",TRUE,"BB110",1,NA,"BB110__1",490,17026.3416666667,0.532845833333333,1108.23333333333,29.6,4151.2,0.0852,-0.000554166666666665,-35.4583333333334,-2.16666666666669,-0.629523139932245,0.0359093569720103,0.991436039300288,0.532362642624955,2106.68426031935,0.272128956872311,465.697590607719,0.989732526169287
"109","D12",TRUE,"BB110",1,NA,"BB110__1",500,16888.3416666667,0.535605833333333,1146.63333333333,29.2,4177.2,0.08544,-0.000554166666666665,-35.4583333333334,-2.16666666666669,-0.624356774012081,0.0358728672761309,0.991333314496272,0.535454576537584,790.879410795882,0.159881568299256,487.436304471812,0.98029895209319
"110","D12",TRUE,"BB110",1,NA,"BB110__1",510,16902.5416666667,0.538645833333333,1177.23333333333,28.6,4151,0.0854,-0.000554166666666665,-35.4583333333334,-2.16666666666669,-0.618697005059706,0.0356539701558088,0.992474778115133,0.5389026860588,811.871997149909,0.183556987193277,490.997738265364,0.98063194865022
"111","D12",TRUE,"BB110",1,NA,"BB110__1",520,17322.3416666667,0.541685833333333,1243.23333333333,29.6,4210.2,0.08546,-0.000554166666666665,-35.4583333333334,-2.16666666666669,-0.613069088897045,0.041002637374682,0.986533867884978,0.542440221688056,1689.47648673263,0.726102652277002,497.750699901583,0.983916670179333
"112","D12",TRUE,"BB110",1,NA,"BB110__1",530,17173.9416666667,0.545825833333333,1280.43333333333,29.4,4149.6,0.08532,-0.000554166666666665,-35.4583333333334,-2.16666666666669,-0.605455340693256,0.0434098941957853,0.99388994877039,0.54610910967204,1556.17253942233,0.672875140527401,468.038337894596,0.972672583979731
"113","D12",TRUE,"BB110",1,NA,"BB110__1",540,17516.3416666667,0.550565833333333,1320.03333333333,29.8,4142.2,0.08538,-0.000554166666666665,-35.4583333333334,-2.16666666666669,-0.596808741716404,0.040710827600549,0.978277232605446,0.549632132322414,2256.85495270928,0.616332402158747,484.906147815353,0.958527393672743
"114","D12",TRUE,"BB110",1,NA,"BB110__1",550,17513.7416666667,0.553965833333333,1351.83333333333,29,4147.8,0.08518,-0.000554166666666665,-35.4583333333334,-2.16666666666669,-0.590652266820205,0.0352624215440078,0.974049441165777,0.553146366361643,2019.93553234244,0.487442067550634,470.32759468569,0.950868242826027
"115","D12",TRUE,"BB110",1,NA,"BB110__1",560,18186.1416666667,0.556245833333333,1429.63333333333,29.2,4120.4,0.0857,-0.000554166666666665,-35.4583333333334,-2.16666666666669,-0.586544936166446,0.0286824354409839,0.990265096056716,0.556233033646103,1239.62432702028,0.187068204966976,486.48674859567,0.955034045922407
"116","D12",TRUE,"BB110",1,NA,"BB110__1",570,17770.1416666667,0.559225833333333,1442.43333333333,30.4,4050.4,0.08552,-0.000554166666666665,-35.4583333333334,-2.16666666666669,-0.581201892181562,0.0294097101515487,0.985443719422187,0.559156244567298,2551.48719854509,0.438857131643879,550.043038932714,0.950970035842967
"117","D12",TRUE,"BB110",1,NA,"BB110__1",580,17962.7416666667,0.561225833333333,1500.23333333333,30.6,4120.8,0.08582,-0.000554166666666665,-35.4583333333334,-2.16666666666669,-0.577631899501573,NA,NA,NA,NA,NA,NA,NA
"118","D12",TRUE,"BB110",1,NA,"BB110__1",590,18814.3416666667,0.565185833333333,1572.83333333333,30,4138.2,0.08556,-0.000554166666666665,-35.4583333333334,-2.16666666666669,-0.570600693359685,NA,NA,NA,NA,NA,NA,NA
"119","F8",TRUE,"BB110",1,NA,"BB110__1",10,935.608333333333,0.0182058333333333,277.466666666667,19.2,4038.6,0.08664,-0.00155416666666667,30.2083333333333,-6.33333333333337,-4.00601322343214,NA,NA,NA,NA,NA,NA,NA
"120","F8",TRUE,"BB110",1,NA,"BB110__1",20,873.408333333333,0.0185458333333333,280.066666666667,20.6,4134.8,0.0864,-0.00155416666666667,30.2083333333333,-6.33333333333337,-3.98751013330827,NA,NA,NA,NA,NA,NA,NA
"121","F8",TRUE,"BB110",1,NA,"BB110__1",30,1034.20833333333,0.0193858333333333,264.666666666667,23,4022,0.08616,-0.00155416666666667,30.2083333333333,-6.33333333333337,-3.94321272021818,0.348288092958447,0.908917224277913,0.0199124728843254,13113.3888551606,0.190083874301855,-470.057137271387,-0.0988011256312396
"122","F8",TRUE,"BB110",1,NA,"BB110__1",40,899.808333333334,0.0208258333333333,274.466666666667,25.2,4179.4,0.08602,-0.00155416666666667,30.2083333333333,-6.33333333333337,-3.87156107572345,0.514730238642009,0.950847050874951,0.0214106572430955,-2325.9444787039,-0.321952225582312,-28.0234274542707,-0.332290362953692
"123","F8",TRUE,"BB110",1,NA,"BB110__1",50,1140.00833333333,0.0229658333333333,272.466666666667,25.2,4117.2,0.08578,-0.00155416666666667,30.2083333333333,-6.33333333333337,-3.77374767475918,0.678644078754734,0.972949928585774,0.0236421137019013,-7755.65172860385,-0.166450950338356,385.752311108563,0.0863121185701834
"124","F8",TRUE,"BB110",1,NA,"BB110__1",60,779.008333333333,0.0261658333333333,275.666666666667,27,4185.2,0.08578,-0.00155416666666667,30.2083333333333,-6.33333333333337,-3.64330079050277,0.864199739172575,0.977019486006216,0.0269288732225461,1011.55365004996,-0.329560775057964,677.339889020261,0.207490636704119
"125","F8",TRUE,"BB110",1,NA,"BB110__1",70,941.808333333334,0.0304458333333333,271.666666666667,28,4197.4,0.0858,-0.00155416666666667,30.2083333333333,-6.33333333333337,-3.49180613053291,1.03484690454354,0.987158035247171,0.0315048874222824,4353.61022439302,-0.255859357510783,1081.73692364621,0.665675782798255
"126","F8",TRUE,"BB110",1,NA,"BB110__1",80,1021.60833333333,0.0371658333333333,290.066666666667,27.6,4227.6,0.08548,-0.00155416666666667,30.2083333333333,-6.33333333333337,-3.2923653985261,1.17446615251215,0.994445397641687,0.0377686769745993,19298.531438901,0.983491731856572,1073.90576660332,0.788950449919447
"127","F8",TRUE,"BB110",1,NA,"BB110__1",90,1133.00833333333,0.0456458333333333,293.666666666667,28,4184.2,0.0854,-0.00155416666666667,30.2083333333333,-6.33333333333337,-3.08684295029456,1.27068215753176,0.999252673287154,0.0461099572023806,14787.2616104879,0.983880643124347,1243.98293731313,0.90200912649495
"128","F8",TRUE,"BB110",1,NA,"BB110__1",100,1290.80833333333,0.0568658333333333,298.466666666667,29.2,4259.4,0.08528,-0.00155416666666667,30.2083333333333,-6.33333333333337,-2.86706058686182,1.29618403385547,0.999795148918172,0.0569867688572568,16433.2882663648,0.934607732189158,922.319356825703,0.911469282877834
"129","F8",TRUE,"BB110",1,NA,"BB110__1",110,1375.40833333333,0.0709658333333333,315.266666666667,28.4,4247.8,0.08528,-0.00155416666666667,30.2083333333333,-6.33333333333337,-2.64555673842192,1.29049011668665,0.999640747232951,0.0704980286449442,12865.0405895434,0.920688988486175,961.729019991004,0.968695829509534
"130","F8",TRUE,"BB110",1,NA,"BB110__1",120,1680.80833333333,0.0877858333333334,323.066666666667,29.6,4269.4,0.08546,-0.00155416666666667,30.2083333333333,-6.33333333333337,-2.4328551429162,1.25368177653266,0.99931501539316,0.0870764294751146,12471.8021460718,0.911864685801051,932.973486507246,0.983738085180364
"131","F8",TRUE,"BB110",1,NA,"BB110__1",130,1693.80833333333,0.107685833333333,337.866666666667,29.8,4226.4,0.08536,-0.00155416666666667,30.2083333333333,-6.33333333333337,-2.22853724169517,1.21126318088283,0.999526857268643,0.106992874316182,11894.2500435987,0.939848418885466,783.977442760536,0.98239151216491
"132","F8",TRUE,"BB110",1,NA,"BB110__1",140,2036.60833333333,0.131225833333333,354.866666666667,28.8,4231.6,0.08552,-0.00155416666666667,30.2083333333333,-6.33333333333337,-2.03083552144798,1.13095436884036,0.996165271956836,0.12962676508529,11261.5631427622,0.927785937270484,780.394387944805,0.991567529675845
"133","F8",TRUE,"BB110",1,NA,"BB110__1",150,2258.00833333333,0.159265833333333,369.266666666667,28.4,4210.2,0.08508,-0.00155416666666667,30.2083333333333,-6.33333333333337,-1.837180565087,1.02301175786693,0.991056284461056,0.154709385036262,11697.545042764,0.994958285002884,763.237472454069,0.980659020927396
"134","F8",TRUE,"BB110",1,NA,"BB110__1",160,2615.20833333333,0.185245833333333,391.666666666667,30,4219,0.0851,-0.00155416666666667,30.2083333333333,-6.33333333333337,-1.68607150718665,0.890533323233158,0.98723439406393,0.181387182227666,12480.4849614931,0.94141835757829,647.675312870489,0.979444887314645
"135","F8",TRUE,"BB110",1,NA,"BB110__1",170,2912.60833333333,0.212585833333333,417.866666666667,28.8,4302.6,0.08506,-0.00155416666666667,30.2083333333333,-6.33333333333337,-1.54840945060339,0.76025099174015,0.991664994140728,0.208674831799185,14119.3836103598,0.961096779044385,585.408402856932,0.982969621452587
"136","F8",TRUE,"BB110",1,NA,"BB110__1",180,3595.80833333333,0.238565833333333,428.466666666667,29.2,4216.4,0.08498,-0.00155416666666667,30.2083333333333,-6.33333333333337,-1.43310997599549,0.676671355675795,0.993613285665951,0.235555963283788,16434.311176135,0.960729065427338,466.640701715426,0.978714654081855
"137","F8",TRUE,"BB110",1,NA,"BB110__1",190,4223.00833333333,0.264445833333333,452.666666666667,29,4273.2,0.085,-0.00155416666666667,30.2083333333333,-6.33333333333337,-1.33011883756579,0.60840874508037,0.996982095280761,0.262618863850723,16422.7349732635,0.991292465311756,312.087253741938,0.912032142666454
"138","F8",TRUE,"BB110",1,NA,"BB110__1",200,5186.00833333333,0.291905833333333,465.866666666667,29.8,4204.2,0.08514,-0.00155416666666667,30.2083333333333,-6.33333333333337,-1.23132401730896,0.542595218353153,0.991929277958522,0.288707439703665,14186.4026926494,0.984189413673816,300.0961807182,0.91170534692815
"139","F8",TRUE,"BB110",1,NA,"BB110__1",210,5711.60833333333,0.319085833333333,467.466666666667,30.2,4187.6,0.08506,-0.00155416666666667,30.2083333333333,-6.33333333333337,-1.14229514237969,0.459985970839309,0.977033129560522,0.313258874755543,13366.4529161944,0.982812445360306,266.233478828277,0.917090572084631
"140","F8",TRUE,"BB110",1,NA,"BB110__1",220,6264.60833333333,0.341345833333333,493.266666666667,30.4,4213.6,0.0851,-0.00155416666666667,30.2083333333333,-6.33333333333337,-1.07485914162758,0.362880598527557,0.962812577574415,0.335473322455642,12864.8083502099,0.977672227544448,267.919962583268,0.93864798376583
"141","F8",TRUE,"BB110",1,NA,"BB110__1",230,7173.00833333333,0.358785833333333,508.466666666667,29.2,4222.2,0.08506,-0.00155416666666667,30.2083333333333,-6.33333333333337,-1.02502963304038,0.267409847701204,0.955039789477448,0.353960821600304,12729.5444157601,0.987925313562204,232.229091424194,0.880046753501987
"142","F8",TRUE,"BB110",1,NA,"BB110__1",240,8051.80833333333,0.372485833333333,520.266666666667,29.4,4185.4,0.08506,-0.00155416666666667,30.2083333333333,-6.33333333333337,-0.987556273205642,0.224330331870751,0.984802712846534,0.370135576960553,11503.1363236228,0.975842657120435,199.710604981585,0.916954150809733
"143","F8",TRUE,"BB110",1,NA,"BB110__1",250,8572.80833333333,0.381705833333333,522.466666666667,29.2,4244.4,0.08494,-0.00155416666666667,30.2083333333333,-6.33333333333337,-0.963105036839652,0.223783122921894,0.985250896272691,0.385393455177168,10053.8292696714,0.988219886098001,146.966688819254,0.788896780660793
"144","F8",TRUE,"BB110",1,NA,"BB110__1",260,9112.80833333333,0.398965833333333,547.866666666667,29.8,4193.4,0.08508,-0.00155416666666667,30.2083333333333,-6.33333333333337,-0.918879496502321,0.239167128118058,0.988106847985855,0.400453773872649,9093.78369638766,0.99401720941341,118.365721820052,0.703577433525395
"145","F8",TRUE,"BB110",1,NA,"BB110__1",270,9871.40833333333,0.417745833333333,541.866666666667,29.8,4087.8,0.085,-0.00155416666666667,30.2083333333333,-6.33333333333337,-0.8728820856238,0.24937618481277,0.99635501376742,0.415922737050687,9174.78093902559,0.997159515391939,97.806626991499,0.615870026678561
"146","F8",TRUE,"BB110",1,NA,"BB110__1",280,10437.2083333333,0.434585833333333,550.066666666667,29.6,4187,0.08496,-0.00155416666666667,30.2083333333333,-6.33333333333337,-0.833361808715186,0.235655520808926,0.996778777211729,0.433173081190619,9368.44918628313,0.996022157026691,39.6146499981806,0.51690158413371
"147","F8",TRUE,"BB110",1,NA,"BB110__1",290,11090.6083333333,0.450205833333333,555.266666666667,29.4,4192.6,0.08504,-0.00155416666666667,30.2083333333333,-6.33333333333337,-0.798050393389243,0.202600013685636,0.98422688243644,0.448881493314272,8529.73458925683,0.992514374332692,106.130461401416,0.775332193780289
"148","F8",TRUE,"BB110",1,NA,"BB110__1",300,11885.0083333333,0.467705833333333,555.466666666667,29.2,4192.2,0.08504,-0.00155416666666667,30.2083333333333,-6.33333333333337,-0.759915741945495,0.18625558587861,0.987371812654675,0.46404322690007,7400.51745381801,0.967625543452672,102.404252977564,0.773960076542319
"149","F8",TRUE,"BB110",1,NA,"BB110__1",310,12338.2083333333,0.476745833333333,578.866666666667,30.8,4244,0.085,-0.00155416666666667,30.2083333333333,-6.33333333333337,-0.740771774270616,0.175025621764606,0.990404742388072,0.478615790552792,5705.20248996843,0.939838790387449,153.943938863574,0.83463608227301
"150","F8",TRUE,"BB110",1,NA,"BB110__1",320,12675.2083333333,0.493225833333333,577.866666666667,29.8,4252,0.08492,-0.00155416666666667,30.2083333333333,-6.33333333333337,-0.706788130042324,0.149126613770155,0.973571283880572,0.491360614886538,4647.0146992291,0.990030696771306,183.409083409768,0.919476042284463
"151","F8",TRUE,"BB110",1,NA,"BB110__1",330,12971.0083333333,0.507245833333333,605.466666666667,29.2,4186.2,0.0851,-0.00155416666666667,30.2083333333333,-6.33333333333337,-0.678759514536991,0.137185586104512,0.957553787906331,0.502631613140974,3041.35267268049,0.761517580894697,202.215693049719,0.908965600838118
"152","F8",TRUE,"BB110",1,NA,"BB110__1",340,13471.4083333333,0.513425833333333,617.266666666667,29.4,4200.8,0.08512,-0.00155416666666667,30.2083333333333,-6.33333333333337,-0.666649693670511,0.0963755694071643,0.92742975271402,0.512598486689625,4872.3514892315,0.682596951687337,256.106881719082,0.984810087546849
"153","F8",TRUE,"BB110",1,NA,"BB110__1",350,13214.0083333333,0.523865833333333,643.866666666667,29.8,4170.2,0.08518,-0.00155416666666667,30.2083333333333,-6.33333333333337,-0.646519670702763,0.0745969207491129,0.959893153112364,0.520674946151826,4618.62053815585,0.654693606599831,288.087608417904,0.962681410959848
"154","F8",TRUE,"BB110",1,NA,"BB110__1",360,14635.0083333333,0.525925833333333,668.066666666667,28.6,4181.2,0.08522,-0.00155416666666667,30.2083333333333,-6.33333333333337,-0.642595077453467,0.0660961542936265,0.947140891941035,0.526775382398237,4430.73096805332,0.636562561016284,390.45104777601,0.962153974375087
"155","F8",TRUE,"BB110",1,NA,"BB110__1",370,14393.2083333333,0.533325833333333,705.066666666667,29.6,4211,0.08532,-0.00155416666666667,30.2083333333333,-6.33333333333337,-0.628622722021252,0.0536084311560176,0.97103837607516,0.532470383205514,3664.2037971283,0.469856665774619,442.616166895871,0.980810945705851
"156","F8",TRUE,"BB110",1,NA,"BB110__1",380,14826.8083333333,0.537665833333333,758.066666666667,29.6,4210.4,0.08528,-0.00155416666666667,30.2083333333333,-6.33333333333337,-0.620518039433244,0.0647352193224775,0.97432528097875,0.537821960535297,2084.85350595201,0.514249806865174,393.36437617652,0.9267263257069
"157","F8",TRUE,"BB110",1,NA,"BB110__1",390,14744.0083333333,0.541785833333333,795.266666666667,30.4,4169.2,0.08526,-0.00155416666666667,30.2083333333333,-6.33333333333337,-0.61288449708286,0.0726345888650872,0.955520063241932,0.544587063788536,2742.48159625755,0.801691816562638,395.308692245384,0.924983510775762
"158","F8",TRUE,"BB110",1,NA,"BB110__1",400,15394.0083333333,0.550725833333333,799.266666666667,29.4,4132.2,0.08532,-0.00155416666666667,30.2083333333333,-6.33333333333337,-0.596518173820599,0.083898735786832,0.984123542287722,0.551340628601186,2285.55621448954,0.746805438015905,386.76634540976,0.925905499533628
"159","F8",TRUE,"BB110",1,NA,"BB110__1",410,15354.2083333333,0.559845833333333,863.866666666667,28.8,4190,0.0853,-0.00155416666666667,30.2083333333333,-6.33333333333337,-0.580093830773335,0.092208229351039,0.998160236442833,0.559081648457292,2474.9873364976,0.800665498297174,453.100187958236,0.941496231999979
"160","F8",TRUE,"BB110",1,NA,"BB110__1",420,15571.8083333333,0.567225833333333,901.466666666667,29.2,4131.4,0.08522,-0.00155416666666667,30.2083333333333,-6.33333333333337,-0.566997759432314,0.0864607331014592,0.996259041939523,0.567391748264861,1537.13902725437,0.87466669776779,479.88008432033,0.975168920421547
"161","F8",TRUE,"BB110",1,NA,"BB110__1",430,15808.2083333333,0.576485833333333,955.266666666667,29.4,4187,0.08546,-0.00155416666666667,30.2083333333333,-6.33333333333337,-0.550804513151137,0.0884508367016398,0.993749904466268,0.576103942507811,1776.76270629951,0.964242768849058,454.29302021562,0.983045068784711
"162","F8",TRUE,"BB110",1,NA,"BB110__1",440,15893.8083333333,0.583265833333333,980.466666666667,30.2,4123.4,0.08508,-0.00155416666666667,30.2083333333333,-6.33333333333337,-0.539112221713816,0.0755415809865612,0.939791783278805,0.583153172564489,1791.91342714413,0.959296708334999,408.263233745284,0.959370491553471
"163","F8",TRUE,"BB110",1,NA,"BB110__1",450,16046.2083333333,0.594325833333333,1042.46666666667,29.2,4206,0.08542,-0.00155416666666667,30.2083333333333,-6.33333333333337,-0.520327569047884,0.0543098522175959,0.840538960958863,0.589195144685729,2382.30069045917,0.887506615717901,424.239748501877,0.951153610687773
"164","F8",TRUE,"BB110",1,NA,"BB110__1",460,16323.6083333333,0.594945833333333,1056.26666666667,29.4,4208.6,0.0854,-0.00155416666666667,30.2083333333333,-6.33333333333337,-0.519284913995139,0.0446110934996759,0.835943525159531,0.594692415623804,3851.67178834341,0.908300668138682,456.437635437594,0.964902318540739
"165","F8",TRUE,"BB110",1,NA,"BB110__1",470,16763.0083333333,0.597225833333333,1125.66666666667,29,4149.2,0.08552,-0.00155416666666667,30.2083333333333,-6.33333333333337,-0.515459956829145,0.0377166222275952,0.881053879792607,0.599799766996314,3499.36781488095,0.837410149331318,438.146218889102,0.964136895945651
"166","F8",TRUE,"BB110",1,NA,"BB110__1",480,17444.2083333333,0.603885833333333,1165.06666666667,29.6,4092,0.08546,-0.00155416666666667,30.2083333333333,-6.33333333333337,-0.504370116573456,0.0453890434404293,0.973673410945025,0.603326614094908,3222.93092095239,0.812079096469157,431.408119448641,0.960318710813878
"167","F8",TRUE,"BB110",1,NA,"BB110__1",490,17235.0083333333,0.608745833333333,1207.06666666667,29.6,4151.2,0.0852,-0.00155416666666667,30.2083333333333,-6.33333333333337,-0.49635444923573,0.0452452430386224,0.972880338133003,0.607546611353129,2484.94514130785,0.764674954910338,403.12956310383,0.978182029982039
"168","F8",TRUE,"BB110",1,NA,"BB110__1",500,17708.0083333333,0.612005833333333,1232.46666666667,29.2,4177.2,0.08544,-0.00155416666666667,30.2083333333333,-6.33333333333337,-0.491013464924822,0.0416258662296244,0.99155503624791,0.612404160561557,1777.06173485508,0.72485860487189,439.90556784096,0.976580979462776
"169","F8",TRUE,"BB110",1,NA,"BB110__1",510,17889.2083333333,0.616045833333333,1296.06666666667,28.6,4151,0.0854,-0.00155416666666667,30.2083333333333,-6.33333333333337,-0.48443391345461,0.0464482573430284,0.976850582795868,0.617204145495559,3150.85375591341,0.906054401440151,461.759698278064,0.983696095043498
"170","F8",TRUE,"BB110",1,NA,"BB110__1",520,18024.0083333333,0.621485833333333,1345.06666666667,29.6,4210.2,0.08546,-0.00155416666666667,30.2083333333333,-6.33333333333337,-0.475642162605995,0.0560335832224255,0.986064403610533,0.622470909216221,4459.38911987901,0.831493327977857,517.614550703577,0.993084407322833
"171","F8",TRUE,"BB110",1,NA,"BB110__1",530,18697.6083333333,0.627925833333333,1388.26666666667,29.4,4149.6,0.08532,-0.00155416666666667,30.2083333333333,-6.33333333333337,-0.465333219275953,0.0559599591830753,0.985708638432326,0.62776265987187,3847.37760683785,0.688643691611452,476.931839273632,0.991354557620925
"172","F8",TRUE,"BB110",1,NA,"BB110__1",540,19617.0083333333,0.635165833333333,1454.86666666667,29.8,4142.2,0.08538,-0.00155416666666667,30.2083333333333,-6.33333333333337,-0.453869159328796,0.0494173004821512,0.963168303256527,0.633013735816465,2812.64038876436,0.441423708324223,503.496183363089,0.988854714311151
"173","F8",TRUE,"BB110",1,NA,"BB110__1",550,19105.4083333333,0.638465833333333,1490.66666666667,29,4147.8,0.08518,-0.00155416666666667,30.2083333333333,-6.33333333333337,-0.44868711577398,0.0433496382550467,0.974403586896397,0.638211891768719,2204.78499092261,0.387781883931566,472.507648148434,0.978001927393215
"174","F8",TRUE,"BB110",1,NA,"BB110__1",560,19303.8083333333,0.642245833333333,1559.46666666667,29.2,4120.4,0.0857,-0.00155416666666667,30.2083333333333,-6.33333333333337,-0.442784130621856,0.0407191805045512,0.987795466013407,0.643135916741739,1351.06744527988,0.138590997166233,515.909610026083,0.955873983482779
"175","F8",TRUE,"BB110",1,NA,"BB110__1",570,20026.8083333333,0.647425833333333,1587.26666666667,30.4,4050.4,0.08552,-0.00155416666666667,30.2083333333333,-6.33333333333337,-0.434751035083551,0.0443887316354166,0.996964939260477,0.64755430156821,2748.00120343661,0.831129480562166,511.092273186202,0.955053111935644
"176","F8",TRUE,"BB110",1,NA,"BB110__1",580,19880.4083333333,0.652525833333333,1683.06666666667,30.6,4120.8,0.08582,-0.00155416666666667,30.2083333333333,-6.33333333333337,-0.426904549253551,NA,NA,NA,NA,NA,NA,NA
"177","F8",TRUE,"BB110",1,NA,"BB110__1",590,20300.0083333333,0.657285833333333,1704.66666666667,30,4138.2,0.08556,-0.00155416666666667,30.2083333333333,-6.33333333333337,-0.419636296761952,NA,NA,NA,NA,NA,NA,NA
"178","H3",TRUE,"BB110",1,NA,"BB110__1",10,1149.94166666667,0.0187058333333333,286.466666666667,19.2,4038.6,0.08664,-5.41666666666642e-05,-5.45833333333337,1.66666666666663,-3.97891986080668,NA,NA,NA,NA,NA,NA,NA
"179","H3",TRUE,"BB110",1,NA,"BB110__1",20,858.741666666666,0.0191458333333333,275.066666666667,20.6,4134.8,0.0864,-5.41666666666642e-05,-5.45833333333337,1.66666666666663,-3.95567016753434,NA,NA,NA,NA,NA,NA,NA
"180","H3",TRUE,"BB110",1,NA,"BB110__1",30,874.541666666667,0.0197858333333333,273.666666666667,23,4022,0.08616,-5.41666666666642e-05,-5.45833333333337,1.66666666666663,-3.92278908558099,0.278461451068615,0.930983231329205,0.0201793867459677,-10549.3790609141,-0.0253286845034943,-1415.30564627822,0.779493526649769
"181","H3",TRUE,"BB110",1,NA,"BB110__1",40,949.141666666667,0.0209258333333333,265.466666666667,25.2,4179.4,0.08602,-5.41666666666642e-05,-5.45833333333337,1.66666666666663,-3.86677083862858,0.397390196142879,0.949237647637619,0.0213787232400259,3929.14015757185,0.142769695362079,-84.1958605193879,-0.320916114790287
"182","H3",TRUE,"BB110",1,NA,"BB110__1",50,927.341666666667,0.0225658333333333,267.466666666667,25.2,4117.2,0.08578,-5.41666666666642e-05,-5.45833333333337,1.66666666666663,-3.79131831603572,0.53308998268979,0.96961050773348,0.0231077568342051,-3209.31194369438,-0.0745756579816552,862.048191995579,0.29033134166214
"183","H3",TRUE,"BB110",1,NA,"BB110__1",60,902.341666666667,0.0249658333333333,276.666666666667,27,4185.2,0.08578,-5.41666666666642e-05,-5.45833333333337,1.66666666666663,-3.69024705552124,0.690961079343679,0.971991673345168,0.025638145089111,-2471.3176315907,-0.155421795158967,992.271473290199,0.618466751376534
"184","H3",TRUE,"BB110",1,NA,"BB110__1",70,836.141666666667,0.0282458333333333,284.666666666667,28,4197.4,0.0858,-5.41666666666642e-05,-5.45833333333337,1.66666666666663,-3.56680932489316,0.851495233492832,0.982230025756992,0.029147973763866,8472.6301046061,0.200336580060806,901.606410548463,0.632531818914128
"185","H3",TRUE,"BB110",1,NA,"BB110__1",80,941.941666666666,0.0332658333333333,278.066666666667,27.6,4227.6,0.08548,-5.41666666666642e-05,-5.45833333333337,1.66666666666663,-3.40322443474679,1.00095646647839,0.990582011717386,0.033962936381273,14288.5171809697,0.749011282861356,522.922982884154,0.50186837489514
"186","H3",TRUE,"BB110",1,NA,"BB110__1",90,1113.34166666667,0.0397458333333333,288.666666666667,28,4184.2,0.0854,-5.41666666666642e-05,-5.45833333333337,1.66666666666663,-3.22525026517892,1.12317325866708,0.996753922989948,0.04042789791131,14802.649430669,0.933765713297021,929.061414036383,0.562293163658972
"187","H3",TRUE,"BB110",1,NA,"BB110__1",100,1168.14166666667,0.0484658333333333,289.466666666667,29.2,4259.4,0.08528,-5.41666666666642e-05,-5.45833333333337,1.66666666666663,-3.02689619664638,1.19482688164503,0.998681688111047,0.0489475553997878,13371.045696857,0.915998019120751,1245.41459736034,0.912865014173198
"188","H3",TRUE,"BB110",1,NA,"BB110__1",110,1221.74166666667,0.0596658333333333,310.266666666667,28.4,4247.8,0.08528,-5.41666666666642e-05,-5.45833333333337,1.66666666666663,-2.81899572838747,1.23696608120019,0.999877846644146,0.059792600644683,10020.6378973295,0.907710015185203,1113.85019687921,0.93113711001642
"189","H3",TRUE,"BB110",1,NA,"BB110__1",120,1433.14166666667,0.0734858333333333,318.066666666667,29.6,4269.4,0.08546,-5.41666666666642e-05,-5.45833333333337,1.66666666666663,-2.61066263510498,1.23912848660731,0.999918654191809,0.0733638106700509,11204.4343456598,0.931552306421144,1230.03425225345,0.954182518595422
"190","H3",TRUE,"BB110",1,NA,"BB110__1",130,1480.14166666667,0.0904858333333333,329.866666666667,29.8,4226.4,0.08536,-5.41666666666642e-05,-5.45833333333337,1.66666666666663,-2.40256197828279,1.21995468804587,0.999744335249423,0.0899740218747096,15604.5041751618,0.851499466972381,872.251771842374,0.926303544344804
"191","H3",TRUE,"BB110",1,NA,"BB110__1",140,1723.94166666667,0.110525833333333,354.866666666667,28.8,4231.6,0.08552,-5.41666666666642e-05,-5.45833333333337,1.66666666666663,-2.20250599952596,1.1717112096888,0.998619236535516,0.109602602450433,15322.6288651267,0.907840084514862,824.432978595241,0.947712905601721
"192","H3",TRUE,"BB110",1,NA,"BB110__1",150,2246.34166666667,0.134465833333333,357.266666666667,28.4,4210.2,0.08508,-5.41666666666642e-05,-5.45833333333337,1.66666666666663,-2.0064451394721,1.08346882176708,0.995088763315412,0.131899239270407,14380.0677736399,0.966775227945275,740.565302274005,0.949410120299063
"193","H3",TRUE,"BB110",1,NA,"BB110__1",160,2449.54166666667,0.160045833333333,379.666666666667,30,4219,0.0851,-5.41666666666642e-05,-5.45833333333337,1.66666666666663,-1.83229504643633,0.959601630954476,0.988483131380566,0.155993798959486,14731.3548059486,0.935076521684728,572.330442591423,0.942048219420482
"194","H3",TRUE,"BB110",1,NA,"BB110__1",170,2697.94166666667,0.185485833333333,398.866666666667,28.8,4302.6,0.08506,-5.41666666666642e-05,-5.45833333333337,1.66666666666663,-1.68477677002171,0.81644048474329,0.98555228429745,0.18095340253013,12207.3416090211,0.93020085241737,622.038593506179,0.975853130849604
"195","H3",TRUE,"BB110",1,NA,"BB110__1",180,3413.14166666667,0.209365833333333,408.466666666667,29.2,4216.4,0.08498,-5.41666666666642e-05,-5.45833333333337,1.66666666666663,-1.56367215845575,0.691268583037346,0.987951321395746,0.205581444070347,14887.5304083996,0.934642413349205,549.271363038779,0.975686159723023
"196","H3",TRUE,"BB110",1,NA,"BB110__1",190,3605.34166666667,0.232145833333333,436.666666666667,29,4273.2,0.085,-5.41666666666642e-05,-5.45833333333337,1.66666666666663,-1.46038951284297,0.593554730182381,0.991711558954684,0.229234995126228,17011.0152590477,0.953788096038767,454.380885181359,0.952856021031787
"197","H3",TRUE,"BB110",1,NA,"BB110__1",200,4546.34166666667,0.254505833333333,454.866666666667,29.8,4204.2,0.08514,-5.41666666666642e-05,-5.45833333333337,1.66666666666663,-1.36843152249458,0.522124266233717,0.993472225797187,0.251823174738691,16543.0366141752,0.962185235287548,365.494558217317,0.906268503241821
"198","H3",TRUE,"BB110",1,NA,"BB110__1",210,5380.94166666667,0.275885833333333,462.466666666667,30.2,4187.6,0.08506,-5.41666666666642e-05,-5.45833333333337,1.66666666666663,-1.28776814618364,0.465163551287664,0.994097300414244,0.273569504054983,16472.450083816,0.98784064335853,203.97010329333,0.898023337262742
"199","H3",TRUE,"BB110",1,NA,"BB110__1",220,5996.94166666667,0.296745833333333,472.266666666667,30.4,4213.6,0.0851,-5.41666666666642e-05,-5.45833333333337,1.66666666666663,-1.21487928659065,0.408354260784694,0.991454811058556,0.294177250482566,14803.320082897,0.993303634994728,217.827856827417,0.837762582393888
"200","H3",TRUE,"BB110",1,NA,"BB110__1",230,6635.34166666667,0.316785833333333,474.466666666667,29.2,4222.2,0.08506,-5.41666666666642e-05,-5.45833333333337,1.66666666666663,-1.14952933805521,0.373826507440277,0.995653972443237,0.314460104357091,13305.8532450546,0.992376141367857,206.067475975951,0.843949468890423
"201","H3",TRUE,"BB110",1,NA,"BB110__1",240,7548.14166666667,0.333785833333333,502.266666666667,29.4,4185.4,0.08506,-5.41666666666642e-05,-5.45833333333337,1.66666666666663,-1.09725570923821,0.336240139145399,0.99462385174489,0.33362842034612,13162.9073909353,0.993961365928596,198.184554935111,0.851821056329781
"202","H3",TRUE,"BB110",1,NA,"BB110__1",250,8092.14166666667,0.355205833333333,501.466666666667,29.2,4244.4,0.08494,-5.41666666666642e-05,-5.45833333333337,1.66666666666663,-1.0350578453263,0.29580892735311,0.986992892146132,0.351378945572939,12111.3688045848,0.991004585576945,209.005123742554,0.87927763424568
"203","H3",TRUE,"BB110",1,NA,"BB110__1",260,8928.14166666667,0.370865833333333,513.866666666667,29.8,4193.4,0.08508,-5.41666666666642e-05,-5.45833333333337,1.66666666666663,-0.991914917000613,0.253885522882099,0.972592918210809,0.367490578882794,11556.8676968846,0.991284911153473,130.615593319221,0.82251889095979
"204","H3",TRUE,"BB110",1,NA,"BB110__1",270,9491.74166666667,0.384545833333333,529.866666666667,29.8,4087.8,0.085,-5.41666666666642e-05,-5.45833333333337,1.66666666666663,-0.955692294713088,0.215604380722224,0.995403189846788,0.383146165185198,12316.448470048,0.992197833388896,137.493220047071,0.875054863749795
"205","H3",TRUE,"BB110",1,NA,"BB110__1",280,10387.5416666667,0.396385833333333,528.066666666667,29.6,4187,0.08496,-5.41666666666642e-05,-5.45833333333337,1.66666666666663,-0.925367215476403,0.200906770756839,0.998771140743927,0.396956421278831,11447.5034447373,0.987896001056994,102.177462879508,0.858496077449501
"206","H3",TRUE,"BB110",1,NA,"BB110__1",290,11294.9416666667,0.411205833333333,538.266666666667,29.4,4192.6,0.08504,-5.41666666666642e-05,-5.45833333333337,1.66666666666663,-0.888661378819884,0.194534610091268,0.998629160965782,0.41024623356812,10549.8591964071,0.978064842680995,86.874654984693,0.883577518417349
"207","H3",TRUE,"BB110",1,NA,"BB110__1",300,11813.3416666667,0.424005833333333,543.466666666667,29.2,4192.2,0.08504,-5.41666666666642e-05,-5.45833333333337,1.66666666666663,-0.858008065983183,0.209761936725994,0.992254743600278,0.424810301257507,8401.77366093691,0.974251557141166,148.583967510098,0.903893107241555
"208","H3",TRUE,"BB110",1,NA,"BB110__1",310,12385.5416666667,0.437245833333333,551.866666666667,30.8,4244,0.085,-5.41666666666642e-05,-5.45833333333337,1.66666666666663,-0.827259694383642,0.226529181162286,0.987867492160888,0.441008693292486,6135.93346606736,0.972318368597117,172.513606096972,0.929749806745982
"209","H3",TRUE,"BB110",1,NA,"BB110__1",320,12816.5416666667,0.457825833333333,573.866666666667,29.8,4252,0.08492,-5.41666666666642e-05,-5.45833333333337,1.66666666666663,-0.781266443756195,0.224602818030952,0.985905530595623,0.456563992666355,5143.11254877249,0.970975945154911,249.954008272826,0.935290973896724
"210","H3",TRUE,"BB110",1,NA,"BB110__1",330,13048.3416666667,0.477945833333333,586.466666666667,29.2,4186.2,0.0851,-5.41666666666642e-05,-5.45833333333337,1.66666666666663,-0.73825787229814,0.177632571677131,0.884418697365897,0.470074562648768,4607.52436336002,0.988252386155524,257.065601080588,0.959049749246465
"211","H3",TRUE,"BB110",1,NA,"BB110__1",340,13438.7416666667,0.489025833333333,621.266666666667,29.4,4200.8,0.08512,-5.41666666666642e-05,-5.45833333333337,1.66666666666663,-0.71533996200014,0.113979589295739,0.821272326633696,0.482258542941791,4474.69522641608,0.988231990877976,239.871333941228,0.953885428310624
"212","H3",TRUE,"BB110",1,NA,"BB110__1",350,13879.3416666667,0.490565833333333,628.866666666667,29.8,4170.2,0.08518,-5.41666666666642e-05,-5.45833333333337,1.66666666666663,-0.712195792197393,0.0906268242820178,0.909939157913772,0.493036892778213,5085.62348320641,0.991772746455487,298.152130506238,0.920909465505554
"213","H3",TRUE,"BB110",1,NA,"BB110__1",360,14199.3416666667,0.496925833333333,649.066666666667,28.6,4181.2,0.08522,-5.41666666666642e-05,-5.45833333333337,1.66666666666663,-0.699314492726786,0.0913101399237561,0.910626471958597,0.500817212545864,4139.23473089527,0.918845996464098,299.270864190345,0.922690949787242
"214","H3",TRUE,"BB110",1,NA,"BB110__1",370,14757.5416666667,0.511325833333333,695.066666666667,29.6,4211,0.08532,-5.41666666666642e-05,-5.45833333333337,1.66666666666663,-0.670748253366468,0.0788683738733517,0.777290387111985,0.505769229854665,3183.82357990169,0.863228299525749,382.941445559382,0.974336500860905
"215","H3",TRUE,"BB110",1,NA,"BB110__1",380,14727.1416666667,0.516865833333333,713.066666666667,29.6,4210.4,0.08528,-5.41666666666642e-05,-5.45833333333337,1.66666666666663,-0.659971948145806,0.0737887363567109,0.768469509289065,0.513112129350784,2848.26632699006,0.86535105418423,401.783524900969,0.982951540239235
"216","H3",TRUE,"BB110",1,NA,"BB110__1",390,14957.3416666667,0.513685833333333,758.266666666667,30.4,4169.2,0.08526,-5.41666666666642e-05,-5.45833333333337,1.66666666666663,-0.666143419593424,0.0625030287011822,0.781290608052582,0.52042211980497,3357.50525103509,0.811687079085715,424.040392600338,0.972210415950087
"217","H3",TRUE,"BB110",1,NA,"BB110__1",400,15317.3416666667,0.527225833333333,789.266666666667,29.4,4132.2,0.08532,-5.41666666666642e-05,-5.45833333333337,1.66666666666663,-0.640126295982716,0.0659898584541618,0.812690484919443,0.525335970735076,3969.11712914387,0.940814651711698,504.134524863058,0.9902385247708
"218","H3",TRUE,"BB110",1,NA,"BB110__1",410,15918.5416666667,0.533345833333333,840.866666666667,28.8,4190,0.0853,-5.41666666666642e-05,-5.45833333333337,1.66666666666663,-0.628585222197028,0.0777109927738827,0.908433149411405,0.530658591302851,3481.56051796701,0.886610069466994,503.374494218926,0.990952765804598
"219","H3",TRUE,"BB110",1,NA,"BB110__1",420,15984.1416666667,0.535925833333333,892.466666666667,29.2,4131.4,0.08522,-5.41666666666642e-05,-5.45833333333337,1.66666666666663,-0.623759498132202,0.0607732582017978,0.978293037065436,0.537833700167622,1944.02098580685,0.579673572393349,451.589403795826,0.959606365317729
"220","H3",TRUE,"BB110",1,NA,"BB110__1",430,16163.5416666667,0.543585833333333,929.266666666667,29.4,4187,0.08546,-5.41666666666642e-05,-5.45833333333337,1.66666666666663,-0.609567657873779,0.0620260101881361,0.979471979419543,0.543330835467281,1755.83629296418,0.601067990294319,413.228893602008,0.971067355860308
"221","H3",TRUE,"BB110",1,NA,"BB110__1",440,16066.1416666667,0.549365833333333,947.466666666667,30.2,4123.4,0.08508,-5.41666666666642e-05,-5.45833333333337,1.66666666666663,-0.59899069630951,0.0656418721033017,0.991670466798988,0.548723804729506,3274.434213558,0.757762666041068,431.692589164727,0.959774594903664
"222","H3",TRUE,"BB110",1,NA,"BB110__1",450,16672.5416666667,0.554725833333333,1000.46666666667,29.2,4206,0.08542,-5.41666666666642e-05,-5.45833333333337,1.66666666666663,-0.589281281284928,0.0678135685952597,0.984468370328787,0.555437948784007,3515.49620308593,0.821060058338076,489.991727421266,0.972072893088801
"223","H3",TRUE,"BB110",1,NA,"BB110__1",460,17226.9416666667,0.560345833333333,1054.26666666667,29.4,4208.6,0.0854,-5.41666666666642e-05,-5.45833333333337,1.66666666666663,-0.579201126340543,0.0621178670351058,0.959129015914034,0.560927831740831,4390.51132898301,0.916969310900576,519.211177480962,0.993086115168212
"224","H3",TRUE,"BB110",1,NA,"BB110__1",470,17210.3416666667,0.569525833333333,1102.66666666667,29,4149.2,0.08552,-5.41666666666642e-05,-5.45833333333337,1.66666666666663,-0.562951135695545,0.0594549221064488,0.953699459081142,0.566548260294129,3431.51702379368,0.900606576970722,444.798824144602,0.979662557078851
"225","H3",TRUE,"BB110",1,NA,"BB110__1",480,17849.5416666667,0.570985833333333,1139.06666666667,29.6,4092,0.08546,-5.41666666666642e-05,-5.45833333333337,1.66666666666663,-0.560390879908279,0.0519407935562424,0.94033866180961,0.571837035076,3397.26159873818,0.900646159045464,429.982643511925,0.984497970865464
"226","H3",TRUE,"BB110",1,NA,"BB110__1",490,17981.3416666667,0.577445833333333,1168.06666666667,29.6,4151.2,0.0852,-5.41666666666642e-05,-5.45833333333337,1.66666666666663,-0.549140636079019,0.0473083610451278,0.962465449905077,0.577224875145991,2911.72482747719,0.774520743412825,418.069300875098,0.984598839511363
"227","H3",TRUE,"BB110",1,NA,"BB110__1",500,18460.3416666667,0.581105833333333,1226.46666666667,29.2,4177.2,0.08544,-5.41666666666642e-05,-5.45833333333337,1.66666666666663,-0.542822381518605,0.0530338140416982,0.991911217509132,0.58166812540783,2244.37259491342,0.80836183383658,453.867056605343,0.98726009333103
"228","H3",TRUE,"BB110",1,NA,"BB110__1",510,18305.5416666667,0.587245833333333,1260.06666666667,28.6,4151,0.0854,-5.41666666666642e-05,-5.45833333333337,1.66666666666663,-0.532311750686109,0.0525489263930939,0.992840976975631,0.587036539992095,2545.19079854914,0.837414530027324,526.372685428,0.984091655525242
"229","H3",TRUE,"BB110",1,NA,"BB110__1",520,18775.3416666667,0.591785833333333,1313.06666666667,29.6,4210.2,0.08546,-5.41666666666642e-05,-5.45833333333337,1.66666666666663,-0.524610477569985,0.0578097225105439,0.996167934792396,0.592410660575069,3499.66693372375,0.795066756364155,509.443904515553,0.981928631537842
"230","H3",TRUE,"BB110",1,NA,"BB110__1",530,19068.9416666667,0.597825833333333,1382.26666666667,29.4,4149.6,0.08532,-5.41666666666642e-05,-5.45833333333337,1.66666666666663,-0.514455816059084,0.0569912632274702,0.995778634073195,0.598063692866337,4245.09969470327,0.950523827033316,514.660902628627,0.985743669138123
"231","H3",TRUE,"BB110",1,NA,"BB110__1",540,19806.3416666667,0.604365833333333,1416.86666666667,29.8,4142.2,0.08538,-5.41666666666642e-05,-5.45833333333337,1.66666666666663,-0.503575580073331,0.0561721135397393,0.993841976311705,0.603464730981644,3329.17550414575,0.862597380376247,522.184617960027,0.982968700042471
"232","H3",TRUE,"BB110",1,NA,"BB110__1",550,19905.7416666667,0.609365833333333,1464.66666666667,29,4147.8,0.08518,-5.41666666666642e-05,-5.45833333333337,1.66666666666663,-0.495336480078211,0.0536768592924323,0.996028034230649,0.609136950831893,3034.98252318335,0.85417038942299,557.116096038074,0.971921365330222
"233","H3",TRUE,"BB110",1,NA,"BB110__1",560,20031.1416666667,0.614245833333333,1534.46666666667,29.2,4120.4,0.0857,-5.41666666666642e-05,-5.45833333333337,1.66666666666663,-0.487360050943972,0.0491089354553164,0.996613702317997,0.614404575471222,2625.17576266899,0.893710850884611,550.777148331716,0.970825184802529
"234","H3",TRUE,"BB110",1,NA,"BB110__1",570,20497.1416666667,0.620125833333333,1606.26666666667,30.4,4050.4,0.08552,-5.41666666666642e-05,-5.45833333333337,1.66666666666663,-0.477832864546736,0.0493178101449968,0.996547178487269,0.61950787093213,2968.29158479161,0.959107001984258,619.459441931842,0.95852493873364
"235","H3",TRUE,"BB110",1,NA,"BB110__1",580,20854.7416666667,0.624125833333333,1628.06666666667,30.6,4120.8,0.08582,-5.41666666666642e-05,-5.45833333333337,1.66666666666663,-0.471403274959638,NA,NA,NA,NA,NA,NA,NA
"236","H3",TRUE,"BB110",1,NA,"BB110__1",590,21026.3416666667,0.629885833333333,1737.66666666667,30,4138.2,0.08556,-5.41666666666642e-05,-5.45833333333337,1.66666666666663,-0.462216692949548,NA,NA,NA,NA,NA,NA,NA
